queue_name,queue_slug,scenario_id,replication,seed,lambda_rate,mu_rate,rho,K,N,p_high,servers,service_distribution,sim_time,warmup_time,measured_time,arrivals_total,arrivals_high,arrivals_low,accepted_total,accepted_high,accepted_low,served_total,served_high,served_low,dropped_total,dropped_high,dropped_low,replaced_low,loss_probability_total,loss_probability_high,loss_probability_low,replacement_probability_low,throughput_total,throughput_high,throughput_low,server_utilization,mean_system_occupancy,mean_queue_occupancy,mean_waiting_time,mean_system_time,mean_service_time,p50_system_time,p95_system_time,p99_system_time,mean_waiting_time_high,mean_waiting_time_low,mean_system_time_high,mean_system_time_low,little_law_error_abs,little_law_error_rel,mean_residence_time_admitted,departed_admitted_total,admitted_departure_rate,little_law_error_admitted
Fila M/G/1/∞/∞/∞/FCFS,mg1_buffer_infinito_fcfs,base,0,5472037,200.0,250.0,0.8,,,0.3,1,exponential,1000.0,100.0,900.0,179756,53752,126004,179756,53752,126004,179756,53752,126004,0,0,0,0,0.0,0.0,0.0,0.0,199.7288888888889,59.724444444444444,140.00444444444443,0.8029155051495385,3.982321866550344,3.179406361400761,0.015918541869873664,0.01993852224196855,0.004019980372095055,0.014063384913754362,0.058415952575114005,0.08891108898482122,0.015907372080855325,0.01592330678606125,0.019944276825583265,0.01993606739626182,2.297307556808903e-05,5.768764137588226e-06,0.01993852224196855,179756,199.7288888888889,2.297307556808903e-05
Fila M/G/1/∞/∞/∞/FCFS,mg1_buffer_infinito_fcfs,base,1,5473037,200.0,250.0,0.8,,,0.3,1,exponential,1000.0,100.0,900.0,179360,53786,125574,179360,53786,125574,179354,53783,125571,0,0,0,0,0.0,0.0,0.0,0.0,199.28222222222223,59.75888888888889,139.52333333333334,0.7939284256308731,3.8906214105602195,3.096692984929229,0.015538770710352224,0.019522697550400606,0.0039839268400483465,0.01354944450417861,0.058184432504828014,0.09029956112871275,0.015531674083505611,0.01554181024879417,0.019541171870034218,0.019514784860903595,9.485894405258932e-05,2.4381437832814057e-05,0.019522697550400606,179354,199.28222222222223,9.485894405258932e-05
Fila M/G/1/∞/∞/∞/FCFS,mg1_buffer_infinito_fcfs,base,2,5474037,200.0,250.0,0.8,,,0.3,1,exponential,1000.0,100.0,900.0,179782,54013,125769,179782,54013,125769,179781,54013,125768,0,0,0,0,0.0,0.0,0.0,0.0,199.75666666666666,60.01444444444444,139.7422222222222,0.8026520071705958,4.051382918196096,3.2487309110254627,0.01626321885202495,0.020281228888879496,0.004018010036854991,0.014077155140711284,0.0607653778505437,0.09236659439866372,0.01624051029760698,0.016272971389631654,0.020253880068404593,0.02029297426004165,7.223944982470698e-05,1.7830812659118395e-05,0.020281228888879496,179781,199.75666666666666,7.223944982470698e-05
Fila M/G/1/∞/∞/∞/FCFS,mg1_buffer_infinito_fcfs,base,3,5475037,200.0,250.0,0.8,,,0.3,1,exponential,1000.0,100.0,900.0,180410,54320,126090,180410,54320,126090,180409,54320,126089,0,0,0,0,0.0,0.0,0.0,0.0,200.45444444444445,60.355555555555554,140.0988888888889,0.801655087289124,4.114695935558782,3.313040848269687,0.016522825750695,0.02052150475676058,0.0039986790060658126,0.014144610721587014,0.06178642698090471,0.09744629963003491,0.016527804579061403,0.016520680837523803,0.020529690828572807,0.02051797814126881,0.001069100378315646,0.0002598248801513108,0.02052150475676058,180409,200.45444444444445,0.001069100378315646
Fila M/G/1/∞/∞/∞/FCFS,mg1_buffer_infinito_fcfs,base,4,5476037,200.0,250.0,0.8,,,0.3,1,exponential,1000.0,100.0,900.0,179223,53420,125803,179223,53420,125803,179223,53420,125803,0,0,0,0,0.0,0.0,0.0,0.0,199.13666666666666,59.355555555555554,139.7811111111111,0.7935221672308991,3.812215234741934,3.0186930675108794,0.015158714895733557,0.01914338540967295,0.003984670513939637,0.01327938273448126,0.0574549387289835,0.08697255253140777,0.01525201174444222,0.015119098053066582,0.019231796448492815,0.019105843239027403,6.527554436175365e-05,1.7122733199027374e-05,0.01914338540967295,179223,199.13666666666666,6.527554436175365e-05
Fila M/G/1/∞/∞/∞/FCFS,mg1_buffer_infinito_fcfs,base,5,5477037,200.0,250.0,0.8,,,0.3,1,exponential,1000.0,100.0,900.0,179429,53909,125520,179429,53909,125520,179423,53907,125516,0,0,0,0,0.0,0.0,0.0,0.0,199.35888888888888,59.89666666666667,139.4622222222222,0.799080098541063,3.9209947463127173,3.1219146477718813,0.015659555153013326,0.01966770823050412,0.0040081530774908085,0.0137769898597071,0.058596608723996677,0.08886073400678354,0.015585698251439942,0.015691275443598784,0.01958735701357978,0.019702217719738794,6.228648856154706e-05,1.5885379244672783e-05,0.01966770823050412,179423,199.35888888888888,6.228648856154706e-05
Fila M/G/1/∞/∞/∞/FCFS,mg1_buffer_infinito_fcfs,base,6,5478037,200.0,250.0,0.8,,,0.3,1,exponential,1000.0,100.0,900.0,179869,54130,125739,179869,54130,125739,179869,54130,125739,0,0,0,0,0.0,0.0,0.0,0.0,199.85444444444445,60.144444444444446,139.71,0.8003776903603309,3.929293284838104,3.128915594477809,0.015655671040753112,0.019660357897534175,0.0040046868567806745,0.01386472202693767,0.05797858478343301,0.08586584588580086,0.01572290609040592,0.01562672669383074,0.019733860988030132,0.019628715190907076,8.337964746552018e-05,2.1220011188082033e-05,0.019660357897534175,179869,199.85444444444445,8.337964746552018e-05
Fila M/G/1/∞/∞/∞/FCFS,mg1_buffer_infinito_fcfs,base,7,5479037,200.0,250.0,0.8,,,0.3,1,exponential,1000.0,100.0,900.0,179448,53625,125823,179448,53625,125823,179445,53624,125821,0,0,0,0,0.0,0.0,0.0,0.0,199.38333333333333,59.58222222222222,139.8011111111111,0.7969743277593503,3.8589576163387265,3.0619832885791434,0.015354900607616384,0.019351768857482587,0.003996868249866273,0.013545103894784916,0.05729610586743092,0.08575297114297085,0.01540638250747214,0.015332959394321973,0.019399373818821845,0.019331479967337875,0.0005374356376570688,0.00013926963991042044,0.019351768857482587,179445,199.38333333333333,0.0005374356376570688
Fila M/G/1/∞/∞/∞/FCFS,mg1_buffer_infinito_fcfs,base,8,5480037,200.0,250.0,0.8,,,0.3,1,exponential,1000.0,100.0,900.0,180521,53946,126575,180521,53946,126575,180515,53946,126569,0,0,0,0,0.0,0.0,0.0,0.0,200.57222222222222,59.94,140.63222222222223,0.8009728630031361,3.9850041679038166,3.184031304900662,0.015874145497619955,0.019867408981415143,0.003993263483795032,0.013705395032729939,0.0601100458065218,0.08894149809894304,0.015844683767655788,0.015886702620491147,0.019826911240792743,0.019884669851893876,0.00015379870364506942,3.859436456398245e-05,0.019867408981415143,180515,200.57222222222222,0.00015379870364506942
Fila M/G/1/∞/∞/∞/FCFS,mg1_buffer_infinito_fcfs,base,9,5481037,200.0,250.0,0.8,,,0.3,1,exponential,1000.0,100.0,900.0,180446,53754,126692,180446,53754,126692,180442,53754,126688,0,0,0,0,0.0,0.0,0.0,0.0,200.4911111111111,59.72666666666667,140.76444444444445,0.7988464082272293,3.95874954070307,3.159903132475774,0.015760678820108016,0.019745008835842535,0.00398433001573401,0.01387185586750661,0.05878058115572456,0.08579919625944965,0.01575515706771582,0.015763021711921767,0.01973798336304559,0.019747989759565873,5.078030629368513e-05,1.2827360198358646e-05,0.019745008835842535,180442,200.4911111111111,5.078030629368513e-05
Fila M/G/1/∞/∞/∞/FCFS,mg1_buffer_infinito_fcfs,base,10,5482037,200.0,250.0,0.8,,,0.3,1,exponential,1000.0,100.0,900.0,179816,53952,125864,179816,53952,125864,179814,53951,125863,0,0,0,0,0.0,0.0,0.0,0.0,199.79333333333332,59.94555555555556,139.84777777777776,0.8008033827691203,3.9990247264699117,3.198221343700715,0.016007629027208613,0.020015764417861792,0.004008135390653527,0.013884081038185059,0.060465005580852,0.08965777991285108,0.015949133876560367,0.01603270289222576,0.01995724376092059,0.02004084921611624,8.434210578389667e-06,2.109066873871235e-06,0.020015764417861792,179814,199.79333333333332,8.434210578389667e-06
Fila M/G/1/∞/∞/∞/FCFS,mg1_buffer_infinito_fcfs,base,11,5483037,200.0,250.0,0.8,,,0.3,1,exponential,1000.0,100.0,900.0,179811,53844,125967,179811,53844,125967,179807,53842,125965,0,0,0,0,0.0,0.0,0.0,0.0,199.78555555555556,59.824444444444445,139.9611111111111,0.7994197723182389,3.9508789799144983,3.151459207596092,0.01577393899797875,0.01977529627394881,0.004001357275970389,0.013801613606347019,0.05918407808147774,0.08996797313206804,0.01578280820721521,0.01577014797695132,0.019768936635088906,0.019778014613769587,6.042754792767724e-05,1.529470992021754e-05,0.01977529627394881,179807,199.78555555555556,6.042754792767724e-05
Fila M/G/1/∞/∞/∞/FCFS,mg1_buffer_infinito_fcfs,base,12,5484037,200.0,250.0,0.8,,,0.3,1,exponential,1000.0,100.0,900.0,179476,54012,125464,179476,54012,125464,179475,54012,125463,0,0,0,0,0.0,0.0,0.0,0.0,199.41666666666666,60.013333333333335,139.40333333333334,0.8006902357163012,3.9759541186368494,3.1752638829205533,0.015922754858828575,0.019937890097680034,0.004015135238851519,0.013910958409837804,0.05904666994823912,0.0910381915799286,0.015913573073469793,0.015926707630488837,0.01994796879324992,0.019933551204898252,6.534991156215142e-06,1.6436284125068463e-06,0.019937890097680034,179475,199.41666666666666,6.534991156215142e-06
Fila M/G/1/∞/∞/∞/FCFS,mg1_buffer_infinito_fcfs,base,13,5485037,200.0,250.0,0.8,,,0.3,1,exponential,1000.0,100.0,900.0,180538,54375,126163,180538,54375,126163,180535,54374,126161,0,0,0,0,0.0,0.0,0.0,0.0,200.59444444444443,60.41555555555556,140.17888888888888,0.8051017145853115,4.2002231792322435,3.39512146464691,0.01692501794967027,0.02093839113086598,0.004013373181196165,0.014246798248564119,0.06360976755941578,0.10196308102087417,0.016824500939094607,0.01696833967296846,0.020834546381814457,0.020983147072757464,9.824277570036344e-05,2.338989418136614e-05,0.02093839113086598,180535,200.59444444444443,9.824277570036344e-05
Fila M/G/1/∞/∞/∞/FCFS,mg1_buffer_infinito_fcfs,base,14,5486037,200.0,250.0,0.8,,,0.3,1,exponential,1000.0,100.0,900.0,179912,53604,126308,179912,53604,126308,179910,53603,126307,0,0,0,0,0.0,0.0,0.0,0.0,199.9,59.55888888888889,140.3411111111111,0.8003192904800459,3.9822000142741802,3.181880723794208,0.015916892067652524,0.019920350348627658,0.004003458280975006,0.013845311572822538,0.05989343007037176,0.08930591097218216,0.01590250719307222,0.01592299681586214,0.01989027087674623,0.0199331156738369,0.00012197958351123361,3.063120462909906e-05,0.019920350348627658,179910,199.9,0.00012197958351123361
Fila M/G/1/∞/∞/∞/FCFS,mg1_buffer_infinito_fcfs,base,15,5487037,200.0,250.0,0.8,,,0.3,1,exponential,1000.0,100.0,900.0,180115,54254,125861,180115,54254,125861,180107,54253,125854,0,0,0,0,0.0,0.0,0.0,0.0,200.11888888888888,60.28111111111111,139.83777777777777,0.7995298658514416,3.9488459002150282,3.1493160343636295,0.015736622400570437,0.019731773846255445,0.003995151445684869,0.01384207059277287,0.05909987876286775,0.08693342796678964,0.015723424626178834,0.015742311682230593,0.019714470258581154,0.01973923305726239,0.00014524229555146206,3.678094795837769e-05,0.019731773846255445,180107,200.11888888888888,0.00014524229555146206
Fila M/G/1/∞/∞/∞/FCFS,mg1_buffer_infinito_fcfs,base,16,5488037,200.0,250.0,0.8,,,0.3,1,exponential,1000.0,100.0,900.0,179816,53830,125986,179816,53830,125986,179814,53829,125985,0,0,0,0,0.0,0.0,0.0,0.0,199.79333333333332,59.81,139.98333333333332,0.7980184024274819,3.944645699622216,3.1466272971947498,0.015748837609523884,0.019742935459943923,0.003994097850419646,0.013658484197918597,0.05931111067003486,0.09020148652960129,0.015781235738598787,0.01573499501802516,0.01977686562781243,0.01972843828165861,0.0001388142951537219,3.519056100957719e-05,0.019742935459943923,179814,199.79333333333332,0.0001388142951537219
Fila M/G/1/∞/∞/∞/FCFS,mg1_buffer_infinito_fcfs,base,17,5489037,200.0,250.0,0.8,,,0.3,1,exponential,1000.0,100.0,900.0,180195,54183,126012,180195,54183,126012,180195,54183,126012,0,0,0,0,0.0,0.0,0.0,0.0,200.21666666666667,60.20333333333333,140.01333333333332,0.804138689681273,4.155160043562044,3.351021353880656,0.016736841370029818,0.02075310777517046,0.0040162664051406095,0.014252851436822311,0.06323312207224487,0.09720175688228377,0.01668783677105575,0.016757912507589786,0.020688694389309776,0.02078080442696602,4.198184333237265e-05,1.0103544241916463e-05,0.02075310777517046,180195,200.21666666666667,4.198184333237265e-05
Fila M/G/1/∞/∞/∞/FCFS,mg1_buffer_infinito_fcfs,base,18,5490037,200.0,250.0,0.8,,,0.3,1,exponential,1000.0,100.0,900.0,180224,54292,125932,180224,54292,125932,180220,54292,125928,0,0,0,0,0.0,0.0,0.0,0.0,200.24444444444444,60.324444444444445,139.92,0.8049545988468532,4.053378756895417,3.2484241580486954,0.016222257139949983,0.02024205499044218,0.004019797850491995,0.014275908954900274,0.05978465154194907,0.09420149405323767,0.01633786463749804,0.016172414672374305,0.020372601157645918,0.020185771935761175,1.9700920428356028e-05,4.860369980190416e-06,0.02024205499044218,180220,200.24444444444444,1.9700920428356028e-05
Fila M/G/1/∞/∞/∞/FCFS,mg1_buffer_infinito_fcfs,base,19,5491037,200.0,250.0,0.8,,,0.3,1,exponential,1000.0,100.0,900.0,180514,54386,126128,180514,54386,126128,180510,54384,126126,0,0,0,0,0.0,0.0,0.0,0.0,200.56666666666666,60.42666666666667,140.14,0.7984901479962828,3.913626410832913,3.1151362628368595,0.015531347664274555,0.01951251609038066,0.003981168426106391,0.013512591424102993,0.059317822876857905,0.0896218579410459,0.015610030985735632,0.015497420371294757,0.01959185387494782,0.01947830660085565,6.61003055655307e-05,1.6889784212045674e-05,0.01951251609038066,180510,200.56666666666666,6.61003055655307e-05
Fila M/G/1/∞/∞/∞/FCFS,mg1_buffer_infinito_fcfs,base,20,5492037,200.0,250.0,0.8,,,0.3,1,exponential,1000.0,100.0,900.0,180373,54072,126301,180373,54072,126301,180369,54072,126297,0,0,0,0,0.0,0.0,0.0,0.0,200.41,60.08,140.33,0.8036606623001356,4.045876463041209,3.2422158007410347,0.016177639451735445,0.02018759019090882,0.004009950739173239,0.014183347021116788,0.060169418750524534,0.09176598158819851,0.016166993039250434,0.016182197539542777,0.020166718050067086,0.02019652625747894,8.15128811728627e-05,2.014715029425071e-05,0.02018759019090882,180369,200.41,8.15128811728627e-05
Fila M/G/1/∞/∞/∞/FCFS,mg1_buffer_infinito_fcfs,base,21,5493037,200.0,250.0,0.8,,,0.3,1,exponential,1000.0,100.0,900.0,180046,54107,125939,180046,54107,125939,180043,54107,125936,0,0,0,0,0.0,0.0,0.0,0.0,200.04777777777778,60.11888888888889,139.92888888888888,0.8006737389866215,4.0365177806151795,3.235844041628628,0.016174432073242515,0.020176617528393108,0.004002185455150486,0.014005913235337175,0.060394692134315156,0.09481337923525263,0.016252053478861724,0.01614108290069618,0.020238770468152045,0.020149914209949184,0.000230280987978837,5.7049417466889334e-05,0.020176617528393108,180043,200.04777777777778,0.000230280987978837
Fila M/G/1/∞/∞/∞/FCFS,mg1_buffer_infinito_fcfs,base,22,5494037,200.0,250.0,0.8,,,0.3,1,exponential,1000.0,100.0,900.0,179694,54051,125643,179694,54051,125643,179694,54051,125643,0,0,0,0,0.0,0.0,0.0,0.0,199.66,60.056666666666665,139.60333333333332,0.7941856247187622,3.8995451617721377,3.1053595370533236,0.015553131858644959,0.019530735560249993,0.003977603701605272,0.013586268220990405,0.05896335817081138,0.09049999768256425,0.01562641710330618,0.015521604907209507,0.019589284113565978,0.019505548260875773,3.84998126241598e-05,9.872898255309259e-06,0.019530735560249993,179694,199.66,3.84998126241598e-05
Fila M/G/1/∞/∞/∞/FCFS,mg1_buffer_infinito_fcfs,base,23,5495037,200.0,250.0,0.8,,,0.3,1,exponential,1000.0,100.0,900.0,179396,54079,125317,179396,54079,125317,179393,54079,125314,0,0,0,0,0.0,0.0,0.0,0.0,199.32555555555555,60.08777777777778,139.23777777777778,0.7953869652826077,3.828994242048787,3.033607276766274,0.015219271455922027,0.019209598196179452,0.003990326740257202,0.013588073733046713,0.0568996761021026,0.08831942704121265,0.015157930167451808,0.01524574316330665,0.01914466656555116,0.019237619308367798,3.040959631972484e-05,7.941927931302796e-06,0.019209598196179452,179393,199.32555555555555,3.040959631972484e-05
Fila M/G/1/∞/∞/∞/FCFS,mg1_buffer_infinito_fcfs,base,24,5496037,200.0,250.0,0.8,,,0.3,1,exponential,1000.0,100.0,900.0,179902,54052,125850,179902,54052,125850,179890,54048,125842,0,0,0,0,0.0,0.0,0.0,0.0,199.87777777777777,60.053333333333335,139.82444444444445,0.7974156387234852,3.7985567326942937,3.001141093970828,0.015011948549629377,0.019001362115061846,0.003989413565433087,0.013499259670652464,0.05588877616607417,0.08379018465298918,0.014963603235808072,0.015032712424340764,0.018949318074298185,0.0190237145595183,0.0006066983848764806,0.0001597181317984826,0.019001362115061846,179890,199.87777777777777,0.0006066983848764806
Fila M/G/1/∞/∞/∞/FCFS,mg1_buffer_infinito_fcfs,base,25,5497037,200.0,250.0,0.8,,,0.3,1,exponential,1000.0,100.0,900.0,179970,54252,125718,179970,54252,125718,179966,54251,125715,0,0,0,0,0.0,0.0,0.0,0.0,199.9622222222222,60.278888888888886,139.68333333333334,0.8030296120856033,3.9950896540578187,3.192060041972223,0.01596239047284941,0.01997809354245692,0.0040157030696071185,0.014048849759774384,0.05957539827227265,0.09013857289082813,0.015930843996577772,0.0159760040263969,0.019945493972700446,0.019992161547538155,0.00022567354470570677,5.648772975006701e-05,0.01997809354245692,179966,199.9622222222222,0.00022567354470570677
Fila M/G/1/∞/∞/∞/FCFS,mg1_buffer_infinito_fcfs,base,26,5498037,200.0,250.0,0.8,,,0.3,1,exponential,1000.0,100.0,900.0,180227,53886,126341,180227,53886,126341,180212,53880,126332,0,0,0,0,0.0,0.0,0.0,0.0,200.23555555555555,59.86666666666667,140.36888888888888,0.8013058854641321,4.138051731604561,3.3367458461404316,0.016662038644381948,0.020663816469492197,0.00400177782511063,0.013928023884204777,0.06219483147890508,0.09784276121294733,0.016818009500964636,0.01659551781234669,0.020826368870189963,0.020594488640046416,0.00042096093775256804,0.00010172925933657607,0.020663816469492197,180212,200.23555555555555,0.00042096093775256804
Fila M/G/1/∞/∞/∞/FCFS,mg1_buffer_infinito_fcfs,base,27,5499037,200.0,250.0,0.8,,,0.3,1,exponential,1000.0,100.0,900.0,180314,54198,126116,180314,54198,126116,180304,54195,126109,0,0,0,0,0.0,0.0,0.0,0.0,200.33777777777777,60.21666666666667,140.1211111111111,0.8015975006960324,4.043033875330935,3.241436374634853,0.0161775042433458,0.020178621867413607,0.004001117624068324,0.014002098342416502,0.06004465674309359,0.09532492936412383,0.016241788052221814,0.01614987845119734,0.020239479346855712,0.020152468531027222,0.0004936117952212271,0.0001220894532279484,0.020178621867413607,180304,200.33777777777777,0.0004936117952212271
Fila M/G/1/∞/∞/∞/FCFS,mg1_buffer_infinito_fcfs,base,28,5500037,200.0,250.0,0.8,,,0.3,1,exponential,1000.0,100.0,900.0,179705,53601,126104,179705,53601,126104,179702,53601,126101,0,0,0,0,0.0,0.0,0.0,0.0,199.6688888888889,59.556666666666665,140.11222222222221,0.801224652809324,4.15024488797442,3.349020235165158,0.01677279531785606,0.020785527221217195,0.004012731903361181,0.014058564342548152,0.0643963601766188,0.09781081023429279,0.0167879206633276,0.016766366077464956,0.02081580264977457,0.02077265822536432,2.1762744228048803e-05,5.243725325969954e-06,0.020785527221217195,179702,199.6688888888889,2.1762744228048803e-05
Fila M/G/1/∞/∞/∞/FCFS,mg1_buffer_infinito_fcfs,base,29,5501037,200.0,250.0,0.8,,,0.3,1,exponential,1000.0,100.0,900.0,180047,54176,125871,180047,54176,125871,180045,54176,125869,0,0,0,0,0.0,0.0,0.0,0.0,200.05,60.19555555555556,139.85444444444445,0.7999220306239238,3.8568401937988557,3.0569181631748035,0.015279104733447686,0.01927747084264597,0.003998366109198082,0.013527252127119027,0.05728763681343022,0.08643577540330166,0.015323478463585114,0.015260005581123118,0.01934973832819996,0.019246365778671306,0.0003821517275293118,9.908414876606682e-05,0.01927747084264597,180045,200.05,0.0003821517275293118
Fila M/G/1/∞/∞/∞/FCFS,mg1_buffer_infinito_fcfs,service_deterministic,0,5472039,200.0,250.0,0.8,,,0.3,1,deterministic,1000.0,100.0,900.0,179893,54086,125807,179893,54086,125807,179893,54086,125807,0,0,0,0,0.0,0.0,0.0,0.0,199.88111111111112,60.095555555555556,139.78555555555556,0.7995284747949271,2.4131265693320154,1.613598094538009,0.008072789297438045,0.012072789297443954,0.004000000000011004,0.009123906537865878,0.031046022167288356,0.04635890420482603,0.008080357697541049,0.008069535547742429,0.012080357697555642,0.01206953554775154,4.030348587313881e-06,1.6701770385916947e-06,0.012072789297443954,179893,199.88111111111112,4.030348587313881e-06
Fila M/G/1/∞/∞/∞/FCFS,mg1_buffer_infinito_fcfs,service_deterministic,1,5473039,200.0,250.0,0.8,,,0.3,1,deterministic,1000.0,100.0,900.0,180203,54016,126187,180203,54016,126187,180203,54016,126187,0,0,0,0,0.0,0.0,0.0,0.0,200.22555555555556,60.01777777777778,140.20777777777778,0.8009050006465098,2.4634726201867196,1.662567619541181,0.008303473624672538,0.012303473624678716,0.004000000000011018,0.009151218985550713,0.03162267732809027,0.04895909825184504,0.008272376624202459,0.008316785103489032,0.012272376624217096,0.012316785103498483,2.7784222988991303e-06,1.1278478502791473e-06,0.012303473624678716,180203,200.22555555555556,2.7784222988991303e-06
Fila M/G/1/∞/∞/∞/FCFS,mg1_buffer_infinito_fcfs,service_deterministic,2,5474039,200.0,250.0,0.8,,,0.3,1,deterministic,1000.0,100.0,900.0,179779,53643,126136,179779,53643,126136,179778,53643,126135,0,0,0,0,0.0,0.0,0.0,0.0,199.75333333333333,59.60333333333333,140.15,0.7990178919413115,2.405868524846705,1.6068506329063879,0.008044174312849994,0.01204417431285554,0.004000000000010999,0.009138183539846523,0.030496184487446953,0.045532831162718716,0.008068387364391647,0.008033876927320067,0.012068387364406212,0.012033876927329159,4.55860610149017e-06,1.8947860427163745e-06,0.01204417431285554,179778,199.75333333333333,4.55860610149017e-06
Fila M/G/1/∞/∞/∞/FCFS,mg1_buffer_infinito_fcfs,service_deterministic,3,5475039,200.0,250.0,0.8,,,0.3,1,deterministic,1000.0,100.0,900.0,179918,54033,125885,179918,54033,125885,179912,54033,125879,0,0,0,0,0.0,0.0,0.0,0.0,199.90222222222224,60.03666666666667,139.86555555555555,0.7996186599082686,2.4076569594275337,1.6080382995202234,0.008043700358331685,0.012043700358337168,0.004000000000011005,0.009141984638858958,0.03061379409683126,0.04537391666136648,0.008027995110184686,0.008050441766136967,0.01202799511019931,0.012050441766146166,9.449401735972529e-05,3.924729268001412e-05,0.012043700358337168,179912,199.90222222222224,9.449401735972529e-05
Fila M/G/1/∞/∞/∞/FCFS,mg1_buffer_infinito_fcfs,service_deterministic,4,5476039,200.0,250.0,0.8,,,0.3,1,deterministic,1000.0,100.0,900.0,180957,53957,127000,180957,53957,127000,180948,53955,126993,0,0,0,0,0.0,0.0,0.0,0.0,201.05333333333334,59.95,141.10333333333332,0.8042188041636057,2.4719069382115313,1.6676881340490202,0.00829404982350778,0.012294049823512874,0.004000000000011052,0.009199591904405224,0.03167648107178138,0.047933592356758925,0.008287775815963874,0.008296715435604621,0.012287775815978452,0.012296715435613729,0.00014724102818952645,5.956576516430588e-05,0.012294049823512874,180948,201.05333333333334,0.00014724102818952645
Fila M/G/1/∞/∞/∞/FCFS,mg1_buffer_infinito_fcfs,service_deterministic,5,5477039,200.0,250.0,0.8,,,0.3,1,deterministic,1000.0,100.0,900.0,179060,53727,125333,179060,53727,125333,179059,53727,125332,0,0,0,0,0.0,0.0,0.0,0.0,198.95444444444445,59.696666666666665,139.2577777777778,0.7958259215946374,2.3813371141562887,1.5855111925626053,0.007969200636988529,0.011969200636994316,0.004000000000010967,0.008973309825705655,0.030792855935027327,0.04714587754142733,0.007966405091218128,0.00797039902437226,0.011966405091232623,0.011970399024382072,1.14509789939099e-05,4.808634160126882e-06,0.011969200636994316,179059,198.95444444444445,1.14509789939099e-05
Fila M/G/1/∞/∞/∞/FCFS,mg1_buffer_infinito_fcfs,service_deterministic,6,5478039,200.0,250.0,0.8,,,0.3,1,deterministic,1000.0,100.0,900.0,180314,53781,126533,180314,53781,126533,180313,53781,126532,0,0,0,0,0.0,0.0,0.0,0.0,200.34777777777776,59.75666666666667,140.5911111111111,0.8013914765834766,2.4386310810859086,1.637239604503456,0.008171987843655169,0.012171987843660182,0.004000000000011023,0.00918441452370189,0.031164214351610996,0.047193849630202754,0.008179727926482852,0.008168698008715529,0.012179727926497434,0.012168698008724417,3.6547046633472746e-07,1.4986705827270337e-07,0.012171987843660182,180313,200.34777777777776,3.6547046633472746e-07
Fila M/G/1/∞/∞/∞/FCFS,mg1_buffer_infinito_fcfs,service_deterministic,7,5479039,200.0,250.0,0.8,,,0.3,1,deterministic,1000.0,100.0,900.0,179825,53998,125827,179825,53998,125827,179821,53997,125824,0,0,0,0,0.0,0.0,0.0,0.0,199.8011111111111,59.99666666666667,139.80444444444444,0.7992100175968097,2.362706489903299,1.5634964723074924,0.007825171969376321,0.01182517196938208,0.004000000000011001,0.009051288936746005,0.02983404449162208,0.043297753519800565,0.007824650609618665,0.007825395709384848,0.011824650609633192,0.01182539570939411,2.3991340793561022e-05,1.0154177379240593e-05,0.01182517196938208,179821,199.8011111111111,2.3991340793561022e-05
Fila M/G/1/∞/∞/∞/FCFS,mg1_buffer_infinito_fcfs,service_deterministic,8,5480039,200.0,250.0,0.8,,,0.3,1,deterministic,1000.0,100.0,900.0,179180,53576,125604,179180,53576,125604,179178,53574,125604,0,0,0,0,0.0,0.0,0.0,0.0,199.08666666666667,59.526666666666664,139.56,0.7963609710914026,2.3312355350477145,1.5348745639572523,0.007709492206674673,0.01170949220668092,0.004000000000010972,0.009009939263833644,0.02924057206900556,0.042837035543942144,0.007722359822161239,0.00770400376974535,0.01172235982217584,0.011704003769755137,3.176326029885601e-05,1.3625075553854706e-05,0.01170949220668092,179178,199.08666666666667,3.176326029885601e-05
Fila M/G/1/∞/∞/∞/FCFS,mg1_buffer_infinito_fcfs,service_deterministic,9,5481039,200.0,250.0,0.8,,,0.3,1,deterministic,1000.0,100.0,900.0,180036,53824,126212,180036,53824,126212,180024,53821,126203,0,0,0,0,0.0,0.0,0.0,0.0,200.02666666666667,59.80111111111111,140.22555555555556,0.8001140777537986,2.3995495731366923,1.5994354953839336,0.00799508247867984,0.011995082478685335,0.00400000000001101,0.009150421351790783,0.03057902550745411,0.045908548131138725,0.007953842455564103,0.00801266985207108,0.0119538424555787,0.012012669852080222,0.0002132085335269096,8.885356481641816e-05,0.011995082478685335,180024,200.02666666666667,0.0002132085335269096
Fila M/G/1/∞/∞/∞/FCFS,mg1_buffer_infinito_fcfs,service_deterministic,10,5482039,200.0,250.0,0.8,,,0.3,1,deterministic,1000.0,100.0,900.0,180140,54045,126095,180140,54045,126095,180136,54043,126093,0,0,0,0,0.0,0.0,0.0,0.0,200.1511111111111,60.047777777777775,140.10333333333332,0.8006176722169194,2.4276852775473885,1.6270676053315214,0.008129148613805048,0.012129148613810944,0.004000000000011016,0.009101559056020392,0.0313063224331529,0.04744351751013196,0.008200002917797548,0.008098780717485331,0.01220000291781213,0.012098780717494617,2.270566133510954e-05,9.352802665610894e-06,0.012129148613810944,180136,200.1511111111111,2.270566133510954e-05
Fila M/G/1/∞/∞/∞/FCFS,mg1_buffer_infinito_fcfs,service_deterministic,11,5483039,200.0,250.0,0.8,,,0.3,1,deterministic,1000.0,100.0,900.0,180000,54170,125830,180000,54170,125830,179998,54170,125828,0,0,0,0,0.0,0.0,0.0,0.0,199.99777777777777,60.18888888888889,139.8088888888889,0.799994788527896,2.3977537962300417,1.5977590077030956,0.007988840262110535,0.011988840262116433,0.0040000000000110095,0.009158741609923027,0.03027149786542508,0.04476717030300733,0.00796315608317993,0.007999897514651123,0.011963156083194443,0.011999897514660848,1.238567400418944e-05,5.165532017366954e-06,0.011988840262116433,179998,199.99777777777777,1.238567400418944e-05
Fila M/G/1/∞/∞/∞/FCFS,mg1_buffer_infinito_fcfs,service_deterministic,12,5484039,200.0,250.0,0.8,,,0.3,1,deterministic,1000.0,100.0,900.0,180756,54387,126369,180756,54387,126369,180754,54386,126368,0,0,0,0,0.0,0.0,0.0,0.0,200.83777777777777,60.42888888888889,140.4088888888889,0.8033628861590033,2.439434195455697,1.6360713092976533,0.008146203463908678,0.01214620346391418,0.004000000000011043,0.009208320474954235,0.03100570388139801,0.045590611298152346,0.008103053620306463,0.008164774204872447,0.012103053620321087,0.012164774204881516,1.7683326426265467e-05,7.24894586589254e-06,0.01214620346391418,180754,200.83777777777777,1.7683326426265467e-05
Fila M/G/1/∞/∞/∞/FCFS,mg1_buffer_infinito_fcfs,service_deterministic,13,5485039,200.0,250.0,0.8,,,0.3,1,deterministic,1000.0,100.0,900.0,180015,53886,126129,180015,53886,126129,180011,53883,126128,0,0,0,0,0.0,0.0,0.0,0.0,200.01222222222222,59.87,140.14222222222222,0.8000660157793836,2.3869554519180696,1.5868894361396122,0.00793382930473797,0.011933829304743798,0.0040000000000110095,0.009005748460054974,0.030171892324119653,0.04599787018659072,0.00788636116406166,0.00795410811534341,0.011886361164076226,0.011954108115353086,4.373305558535989e-05,1.8321689058008022e-05,0.011933829304743798,180011,200.01222222222222,4.373305558535989e-05
Fila M/G/1/∞/∞/∞/FCFS,mg1_buffer_infinito_fcfs,service_deterministic,14,5486039,200.0,250.0,0.8,,,0.3,1,deterministic,1000.0,100.0,900.0,179776,54074,125702,179776,54074,125702,179776,54074,125702,0,0,0,0,0.0,0.0,0.0,0.0,199.7511111111111,60.08222222222222,139.6688888888889,0.799004444447359,2.405743238711,1.6067387942646219,0.00804370391397057,0.012043703913976373,0.004000000000010999,0.00907243956334014,0.030945381167398978,0.04608755471490156,0.008013366951338216,0.008056754151177757,0.012013366951352793,0.01205675415118693,9.818812429784884e-13,4.0814049778004636e-13,0.012043703913976373,179776,199.7511111111111,9.818812429784884e-13
Fila M/G/1/∞/∞/∞/FCFS,mg1_buffer_infinito_fcfs,service_deterministic,15,5487039,200.0,250.0,0.8,,,0.3,1,deterministic,1000.0,100.0,900.0,180138,54035,126103,180138,54035,126103,180135,54033,126102,0,0,0,0,0.0,0.0,0.0,0.0,200.15,60.03666666666667,140.11333333333334,0.8006122084075772,2.4200821260958865,1.6194699176893192,0.008090949678794307,0.012090949678800169,0.004000000000011016,0.009148790657121708,0.0310285019990772,0.045006608104813516,0.008116412814355227,0.00808003906989234,0.012116412814369861,0.0120800390699018,7.854788403260926e-05,3.24567018555374e-05,0.012090949678800169,180135,200.15,7.854788403260926e-05
Fila M/G/1/∞/∞/∞/FCFS,mg1_buffer_infinito_fcfs,service_deterministic,16,5488039,200.0,250.0,0.8,,,0.3,1,deterministic,1000.0,100.0,900.0,179793,54519,125274,179793,54519,125274,179793,54519,125274,0,0,0,0,0.0,0.0,0.0,0.0,199.77,60.57666666666667,139.19333333333333,0.79910590750515,2.4013847679251095,1.602278860420934,0.008020303296672684,0.012020303296678346,0.004000000000011,0.009088708354511255,0.03062466094686442,0.046264929019825984,0.00801879701369798,0.008020958828079808,0.012018797013712603,0.012020958828089026,8.877834767595516e-05,3.696964720595906e-05,0.012020303296678346,179793,199.77,8.877834767595516e-05
Fila M/G/1/∞/∞/∞/FCFS,mg1_buffer_infinito_fcfs,service_deterministic,17,5489039,200.0,250.0,0.8,,,0.3,1,deterministic,1000.0,100.0,900.0,179863,53855,126008,179863,53855,126008,179860,53854,126006,0,0,0,0,0.0,0.0,0.0,0.0,199.84444444444443,59.83777777777778,140.00666666666666,0.7993801203293364,2.3826035642280803,1.5832234438997372,0.007922222682893542,0.011922222682899105,0.0040000000000110034,0.009038228276779137,0.0300037093923322,0.04498175832181921,0.007912937686530841,0.00792619101927542,0.011912937686545347,0.011926191019284953,1.359562115466062e-05,5.706203649982934e-06,0.011922222682899105,179860,199.84444444444443,1.359562115466062e-05
Fila M/G/1/∞/∞/∞/FCFS,mg1_buffer_infinito_fcfs,service_deterministic,18,5490039,200.0,250.0,0.8,,,0.3,1,deterministic,1000.0,100.0,900.0,180400,54235,126165,180400,54235,126165,180398,54235,126163,0,0,0,0,0.0,0.0,0.0,0.0,200.44222222222223,60.26111111111111,140.1811111111111,0.8017964421797784,2.4284931081271046,1.6266966659482682,0.00811524768226132,0.012115247682267212,0.004000000000011027,0.009102298946828569,0.03113140679730577,0.04825399865091185,0.008122451472706356,0.008112150913995015,0.012122451472720957,0.01211215091400457,8.59399208370526e-05,3.5388167481080864e-05,0.012115247682267212,180398,200.44222222222223,8.59399208370526e-05
Fila M/G/1/∞/∞/∞/FCFS,mg1_buffer_infinito_fcfs,service_deterministic,19,5491039,200.0,250.0,0.8,,,0.3,1,deterministic,1000.0,100.0,900.0,180044,54193,125851,180044,54193,125851,180032,54187,125845,0,0,0,0,0.0,0.0,0.0,0.0,200.03555555555556,60.20777777777778,139.82777777777778,0.8001446693422746,2.3828588375045583,1.5827141681633,0.007910761338756605,0.01191076133876244,0.00400000000001101,0.009067278149061053,0.030095582606219275,0.044891627509859436,0.007959486785827629,0.007889780880252701,0.011959486785842285,0.011889780880262189,0.00028307601558097417,0.00011879680454651886,0.01191076133876244,180032,200.03555555555556,0.00028307601558097417
Fila M/G/1/∞/∞/∞/FCFS,mg1_buffer_infinito_fcfs,service_deterministic,20,5492039,200.0,250.0,0.8,,,0.3,1,deterministic,1000.0,100.0,900.0,179524,53924,125600,179524,53924,125600,179524,53924,125600,0,0,0,0,0.0,0.0,0.0,0.0,199.4711111111111,59.91555555555556,139.55555555555554,0.7978871359799866,2.389272855811155,1.5913857198322274,0.007978026045814627,0.01197802604582018,0.004000000000010988,0.00907379538560349,0.03053807892638645,0.04491738582527316,0.007975761453428619,0.007978998306004492,0.011975761453443253,0.011978998306013426,2.691533575127636e-06,1.1265074093908223e-06,0.01197802604582018,179524,199.4711111111111,2.691533575127636e-06
Fila M/G/1/∞/∞/∞/FCFS,mg1_buffer_infinito_fcfs,service_deterministic,21,5493039,200.0,250.0,0.8,,,0.3,1,deterministic,1000.0,100.0,900.0,180072,54148,125924,180072,54148,125924,180071,54148,125923,0,0,0,0,0.0,0.0,0.0,0.0,200.07888888888888,60.16444444444444,139.91444444444446,0.8003294017620095,2.42077494807952,1.620445546318479,0.00809895806186305,0.012098958061869078,0.004000000000011012,0.009162826472902452,0.030715480398455952,0.0462406687481006,0.008099939786038771,0.00809853591181375,0.012099939786053473,0.012098535911823199,2.886234749022165e-05,1.1922771884730175e-05,0.012098958061869078,180071,200.07888888888888,2.886234749022165e-05
Fila M/G/1/∞/∞/∞/FCFS,mg1_buffer_infinito_fcfs,service_deterministic,22,5494039,200.0,250.0,0.8,,,0.3,1,deterministic,1000.0,100.0,900.0,180123,54246,125877,180123,54246,125877,180123,54246,125877,0,0,0,0,0.0,0.0,0.0,0.0,200.13666666666666,60.27333333333333,139.86333333333334,0.8005502690965949,2.436712399165952,1.6361621300703149,0.008175224247115085,0.012175224247120829,0.004000000000011015,0.009154769439987831,0.03119522894733108,0.047239362468555986,0.008152178606032246,0.008185155639237555,0.01215217860604684,0.012185155639247124,3.602428012783321e-06,1.478396881805327e-06,0.012175224247120829,180123,200.13666666666666,3.602428012783321e-06
Fila M/G/1/∞/∞/∞/FCFS,mg1_buffer_infinito_fcfs,service_deterministic,23,5495039,200.0,250.0,0.8,,,0.3,1,deterministic,1000.0,100.0,900.0,179558,54095,125463,179558,54095,125463,179555,54094,125461,0,0,0,0,0.0,0.0,0.0,0.0,199.50555555555556,60.10444444444445,139.4011111111111,0.7980300092030568,2.3808973706734893,1.5828673614714697,0.007933854185291451,0.011933854185296976,0.0040000000000109896,0.009089743323784205,0.030314167448113934,0.04425098170753694,0.00798294816345162,0.007912686733616245,0.011982948163466156,0.011912686733625583,2.716151682413681e-05,1.1408100642512607e-05,0.011933854185296976,179555,199.50555555555556,2.716151682413681e-05
Fila M/G/1/∞/∞/∞/FCFS,mg1_buffer_infinito_fcfs,service_deterministic,24,5496039,200.0,250.0,0.8,,,0.3,1,deterministic,1000.0,100.0,900.0,179900,53957,125943,179900,53957,125943,179899,53957,125942,0,0,0,0,0.0,0.0,0.0,0.0,199.88777777777779,59.952222222222225,139.93555555555557,0.7995626619824991,2.4210167877346587,1.6214541257532284,0.008111768647537052,0.012111768647542636,0.004000000000011005,0.009176382365524205,0.030908444996839535,0.04568716849998493,0.008143554821640659,0.008098150580521116,0.012143554821655292,0.012098150580529973,2.226781879999251e-05,9.19771350318825e-06,0.012111768647542636,179899,199.88777777777779,2.226781879999251e-05
Fila M/G/1/∞/∞/∞/FCFS,mg1_buffer_infinito_fcfs,service_deterministic,25,5497039,200.0,250.0,0.8,,,0.3,1,deterministic,1000.0,100.0,900.0,179397,53794,125603,179397,53794,125603,179395,53793,125602,0,0,0,0,0.0,0.0,0.0,0.0,199.32777777777778,59.77,139.55777777777777,0.7973128229627195,2.378623150119961,1.5813103271581834,0.007933209152201208,0.011933209152207308,0.004000000000010982,0.00898456667124492,0.030442569583851744,0.04596348818727845,0.007959508375451724,0.007921945684132676,0.011959508375466343,0.011921945684142319,3.088053038613481e-06,1.2982523265435052e-06,0.011933209152207308,179395,199.32777777777778,3.088053038613481e-06
Fila M/G/1/∞/∞/∞/FCFS,mg1_buffer_infinito_fcfs,service_deterministic,26,5498039,200.0,250.0,0.8,,,0.3,1,deterministic,1000.0,100.0,900.0,179525,53680,125845,179525,53680,125845,179523,53678,125845,0,0,0,0,0.0,0.0,0.0,0.0,199.47,59.64222222222222,139.82777777777778,0.7978857937527677,2.357879158706769,1.5599933649550055,0.007820650296333293,0.011820650296339505,0.004000000000010988,0.008977561015171887,0.029786573365424826,0.04575302060316061,0.007807437878691196,0.007826285928692214,0.011807437878705786,0.0118262859287018,1.4044095927978617e-05,5.956240749708908e-06,0.011820650296339505,179523,199.47,1.4044095927978617e-05
Fila M/G/1/∞/∞/∞/FCFS,mg1_buffer_infinito_fcfs,service_deterministic,27,5499039,200.0,250.0,0.8,,,0.3,1,deterministic,1000.0,100.0,900.0,180166,53921,126245,180166,53921,126245,180165,53920,126245,0,0,0,0,0.0,0.0,0.0,0.0,200.18333333333334,59.91111111111111,140.2722222222222,0.800750424021465,2.4499719724632874,1.6492215484428177,0.00823846471890893,0.0122384647189148,0.0040000000000110164,0.00918995844881465,0.03130294123743622,0.048508139000623486,0.008239318611817412,0.00823810001610375,0.01223931861183204,0.012238100016113296,3.5310148526424e-05,1.4412470396925376e-05,0.0122384647189148,180165,200.18333333333334,3.5310148526424e-05
Fila M/G/1/∞/∞/∞/FCFS,mg1_buffer_infinito_fcfs,service_deterministic,28,5500039,200.0,250.0,0.8,,,0.3,1,deterministic,1000.0,100.0,900.0,179604,53585,126019,179604,53585,126019,179604,53585,126019,0,0,0,0,0.0,0.0,0.0,0.0,199.56,59.53888888888889,140.0211111111111,0.7982538655659958,2.377611293751828,1.5793574281867842,0.007914123562657988,0.011914123562663874,0.004000000000010991,0.009007550375258688,0.03017014237703677,0.04551185633871797,0.007850592139278252,0.007941137991607736,0.011850592139292829,0.01194113799161731,2.8795586625385283e-05,1.211114142208938e-05,0.011914123562663874,179604,199.56,2.8795586625385283e-05
Fila M/G/1/∞/∞/∞/FCFS,mg1_buffer_infinito_fcfs,service_deterministic,29,5501039,200.0,250.0,0.8,,,0.3,1,deterministic,1000.0,100.0,900.0,179848,53990,125858,179848,53990,125858,179843,53987,125856,0,0,0,0,0.0,0.0,0.0,0.0,199.82555555555555,59.98555555555556,139.84,0.7993046682879811,2.3872710278335054,1.5879663595465057,0.007946534430590766,0.011946534430596739,0.004000000000011003,0.009080585458917767,0.029913161368119737,0.04541452504028708,0.0079795526366341,0.007932370990709679,0.011979552636648742,0.011932370990719171,4.81482759395746e-05,2.0168751422945928e-05,0.011946534430596739,179843,199.82555555555555,4.81482759395746e-05
Fila M/G/1/∞/∞/∞/FCFS,mg1_buffer_infinito_fcfs,service_uniform,0,5472033,200.0,250.0,0.8,,,0.3,1,uniform,1000.0,100.0,900.0,180880,54057,126823,180880,54057,126823,180879,54056,126823,0,0,0,0,0.0,0.0,0.0,0.0,200.97666666666666,60.062222222222225,140.91444444444446,0.8039855033163136,3.015465247793763,2.211479744477464,0.011003620078937413,0.01500397555442527,0.004000355475487841,0.011236179720299333,0.04076446843376972,0.059792999162503996,0.010985734543971112,0.011011243463324867,0.014973220336708634,0.01501708440730628,1.6254117220615427e-05,5.390251879874126e-06,0.01500397555442527,180879,200.97666666666666,1.6254117220615427e-05
Fila M/G/1/∞/∞/∞/FCFS,mg1_buffer_infinito_fcfs,service_uniform,1,5473033,200.0,250.0,0.8,,,0.3,1,uniform,1000.0,100.0,900.0,180592,54031,126561,180592,54031,126561,180587,54029,126558,0,0,0,0,0.0,0.0,0.0,0.0,200.65222222222224,60.032222222222224,140.62,0.8011945487942338,2.955067205642363,2.1538726568481072,0.010733346898881072,0.014726078203289333,0.003992731304407731,0.010992996132017652,0.03987003161782065,0.06012236717996241,0.010695759883219722,0.010749393208629655,0.014674103556751165,0.014748266750657029,0.00024688953412832504,8.354785761112902e-05,0.014726078203289333,180587,200.65222222222224,0.00024688953412832504
Fila M/G/1/∞/∞/∞/FCFS,mg1_buffer_infinito_fcfs,service_uniform,2,5474033,200.0,250.0,0.8,,,0.3,1,uniform,1000.0,100.0,900.0,180266,54257,126009,180266,54257,126009,180265,54256,126009,0,0,0,0,0.0,0.0,0.0,0.0,200.29444444444445,60.284444444444446,140.01,0.800608725533465,2.9468735631048166,2.1462648375713345,0.010715345706475653,0.014712362403474694,0.003997016696998945,0.010926228497183388,0.04032866321227855,0.05993012144439033,0.010796905667262323,0.010680228236831254,0.014791287306452024,0.014678379517046234,6.910903552137526e-05,2.3451645970369426e-05,0.014712362403474694,180265,200.29444444444445,6.910903552137526e-05
Fila M/G/1/∞/∞/∞/FCFS,mg1_buffer_infinito_fcfs,service_uniform,3,5475033,200.0,250.0,0.8,,,0.3,1,uniform,1000.0,100.0,900.0,180014,54168,125846,180014,54168,125846,180013,54168,125845,0,0,0,0,0.0,0.0,0.0,0.0,200.01444444444445,60.18666666666667,139.82777777777778,0.7990222509498399,2.891292704211595,2.0922704532617487,0.01046058324145077,0.014455367920326381,0.003994784678875465,0.010798143441547836,0.039066857521538614,0.06095170186504676,0.010445050724920956,0.010467268968777255,0.014441452731262707,0.014461357494494294,1.032038746950903e-05,3.569471694953562e-06,0.014455367920326381,180013,200.01444444444445,1.032038746950903e-05
Fila M/G/1/∞/∞/∞/FCFS,mg1_buffer_infinito_fcfs,service_uniform,4,5476033,200.0,250.0,0.8,,,0.3,1,uniform,1000.0,100.0,900.0,179756,53793,125963,179756,53793,125963,179747,53791,125956,0,0,0,0,0.0,0.0,0.0,0.0,199.7188888888889,59.76777777777778,139.95111111111112,0.7996939685686396,2.9627790569234014,2.1630850883547352,0.010829274946206773,0.014833247725505004,0.004003972779298074,0.011034805316000984,0.04045770654689703,0.06050085694526177,0.0107554856999682,0.010860787516822139,0.014776418108829742,0.014857517485663881,0.00029930257190358134,0.00010102088821107777,0.014833247725505004,179747,199.7188888888889,0.00029930257190358134
Fila M/G/1/∞/∞/∞/FCFS,mg1_buffer_infinito_fcfs,service_uniform,5,5477033,200.0,250.0,0.8,,,0.3,1,uniform,1000.0,100.0,900.0,180303,54020,126283,180303,54020,126283,180299,54019,126280,0,0,0,0,0.0,0.0,0.0,0.0,200.3322222222222,60.02111111111111,140.3111111111111,0.802173028776439,2.946257246581024,2.144084217804641,0.010702225794434443,0.014706298309564643,0.004004072515130098,0.011032876847366424,0.040055577994542096,0.06035058028231322,0.010685680918837181,0.01070930322264884,0.01469095567790237,0.01471286145194482,0.00011182556302946622,3.7955125323572434e-05,0.014706298309564643,180299,200.3322222222222,0.00011182556302946622
Fila M/G/1/∞/∞/∞/FCFS,mg1_buffer_infinito_fcfs,service_uniform,6,5478033,200.0,250.0,0.8,,,0.3,1,uniform,1000.0,100.0,900.0,180383,53958,126425,180383,53958,126425,180383,53958,126425,0,0,0,0,0.0,0.0,0.0,0.0,200.42555555555555,59.95333333333333,140.47222222222223,0.8007160542711215,2.9816628503257987,2.1809467960546924,0.010881580395321142,0.014876660025020194,0.003995079629699036,0.011047818028018241,0.04103323462419155,0.06280791010720119,0.010826764074596991,0.010904975918624557,0.014832105032409762,0.014895676028906128,1.3322676295501878e-15,4.468203470438029e-16,0.014876660025020194,180383,200.42555555555555,1.3322676295501878e-15
Fila M/G/1/∞/∞/∞/FCFS,mg1_buffer_infinito_fcfs,service_uniform,7,5479033,200.0,250.0,0.8,,,0.3,1,uniform,1000.0,100.0,900.0,180475,54296,126179,180475,54296,126179,180475,54296,126179,0,0,0,0,0.0,0.0,0.0,0.0,200.52777777777777,60.32888888888889,140.1988888888889,0.8033174547966786,2.8880115211740396,2.0846940663772684,0.010395876466524555,0.014401793602802642,0.004005917136278187,0.010901208485165625,0.038776075992979005,0.057260523502101306,0.01044527509026183,0.010374619778212947,0.01446117167652903,0.014376242664128144,5.185398981000233e-05,1.7954910993195262e-05,0.014401793602802642,180475,200.52777777777777,5.185398981000233e-05
Fila M/G/1/∞/∞/∞/FCFS,mg1_buffer_infinito_fcfs,service_uniform,8,5480033,200.0,250.0,0.8,,,0.3,1,uniform,1000.0,100.0,900.0,180064,54227,125837,180064,54227,125837,180064,54227,125837,0,0,0,0,0.0,0.0,0.0,0.0,200.07111111111112,60.25222222222222,139.8188888888889,0.800381621339889,2.932425939082229,2.132044317742438,0.010656432634886498,0.014656918346665953,0.004000485711779806,0.010930960428268577,0.03986113486818114,0.061071296924214896,0.010709507081572664,0.010633561237598925,0.014703879560198661,0.014636681327933198,5.773159728050814e-14,1.968731639939612e-14,0.014656918346665953,180064,200.07111111111112,5.773159728050814e-14
Fila M/G/1/∞/∞/∞/FCFS,mg1_buffer_infinito_fcfs,service_uniform,9,5481033,200.0,250.0,0.8,,,0.3,1,uniform,1000.0,100.0,900.0,179987,54165,125822,179987,54165,125822,179979,54162,125817,0,0,0,0,0.0,0.0,0.0,0.0,199.97666666666666,60.18,139.79666666666665,0.8002017585728564,2.8891527728115327,2.0889510142386087,0.010444678604153969,0.01444609944725111,0.004001420843097122,0.010905751994414459,0.03897030705357453,0.05709619178303065,0.010457119082489712,0.010439323197590377,0.014453828637735915,0.014442772167034244,0.0002699590150800901,9.34388162580215e-05,0.01444609944725111,179979,199.97666666666666,0.0002699590150800901
Fila M/G/1/∞/∞/∞/FCFS,mg1_buffer_infinito_fcfs,service_uniform,10,5482033,200.0,250.0,0.8,,,0.3,1,uniform,1000.0,100.0,900.0,180445,53819,126626,180445,53819,126626,180442,53819,126623,0,0,0,0,0.0,0.0,0.0,0.0,200.4911111111111,59.79888888888889,140.69222222222223,0.8018195927695292,3.001658431384857,2.199838838615321,0.01097208837029049,0.014971309615820268,0.003999221245529962,0.01104075466965071,0.04160199159431527,0.06205459171419818,0.010998590077780496,0.010960824260331034,0.015013732761865354,0.014953278363227854,4.393172058936301e-05,1.4635816030904788e-05,0.014971309615820268,180442,200.4911111111111,4.393172058936301e-05
Fila M/G/1/∞/∞/∞/FCFS,mg1_buffer_infinito_fcfs,service_uniform,11,5483033,200.0,250.0,0.8,,,0.3,1,uniform,1000.0,100.0,900.0,180207,54199,126008,180207,54199,126008,180202,54199,126003,0,0,0,0,0.0,0.0,0.0,0.0,200.22444444444446,60.221111111111114,140.00333333333333,0.8010205653521882,2.919182251869019,2.1181616865168587,0.010578846191943256,0.014579443818148352,0.004000597626205173,0.010871110344425006,0.03996544193264809,0.05958317688258966,0.010537775006416814,0.0105965125743655,0.014533478868745701,0.014599215206866767,2.1213071275116846e-05,7.266785505267814e-06,0.014579443818148352,180202,200.22444444444446,2.1213071275116846e-05
Fila M/G/1/∞/∞/∞/FCFS,mg1_buffer_infinito_fcfs,service_uniform,12,5484033,200.0,250.0,0.8,,,0.3,1,uniform,1000.0,100.0,900.0,180207,54037,126170,180207,54037,126170,180205,54035,126170,0,0,0,0,0.0,0.0,0.0,0.0,200.2277777777778,60.03888888888889,140.1888888888889,0.8007581214200374,2.9213055940395627,2.12054747261947,0.010589225520020956,0.014588182708920218,0.003998957188898949,0.01092871807964002,0.039632801430366266,0.05979166912614343,0.010633120010994764,0.010570426765802478,0.014638162817947269,0.014566777658660128,0.0003461884162647699,0.00011850469083792867,0.014588182708920218,180205,200.2277777777778,0.0003461884162647699
Fila M/G/1/∞/∞/∞/FCFS,mg1_buffer_infinito_fcfs,service_uniform,13,5485033,200.0,250.0,0.8,,,0.3,1,uniform,1000.0,100.0,900.0,180099,53771,126328,180099,53771,126328,180095,53770,126325,0,0,0,0,0.0,0.0,0.0,0.0,200.10555555555555,59.74444444444445,140.36111111111111,0.8010558579774478,2.9678671407100805,2.1668112827326462,0.01082826856772558,0.014831431871294175,0.004003163303568415,0.0109778121357067,0.04076613991114184,0.06100900109321627,0.010803479661342602,0.010838819919367788,0.014823532762974016,0.014834794111977554,1.5226420386760253e-05,5.13042520600071e-06,0.014831431871294175,180095,200.10555555555555,1.5226420386760253e-05
Fila M/G/1/∞/∞/∞/FCFS,mg1_buffer_infinito_fcfs,service_uniform,14,5486033,200.0,250.0,0.8,,,0.3,1,uniform,1000.0,100.0,900.0,179937,53970,125967,179937,53970,125967,179936,53970,125966,0,0,0,0,0.0,0.0,0.0,0.0,199.92888888888888,59.96666666666667,139.9622222222222,0.7992718268394994,2.957717966996694,2.1584461401572073,0.010796069303205345,0.014793812267712097,0.003997742964507382,0.010949777627047297,0.04074208485815234,0.06306051965362652,0.010768394050823377,0.010807926735933438,0.014768184699688054,0.014804792372234902,7.517882200769321e-06,2.541784674758249e-06,0.014793812267712097,179936,199.92888888888888,7.517882200769321e-06
Fila M/G/1/∞/∞/∞/FCFS,mg1_buffer_infinito_fcfs,service_uniform,15,5487033,200.0,250.0,0.8,,,0.3,1,uniform,1000.0,100.0,900.0,180249,54225,126024,180249,54225,126024,180246,54223,126023,0,0,0,0,0.0,0.0,0.0,0.0,200.27333333333334,60.24777777777778,140.02555555555554,0.8013809806051991,2.9092353034054286,2.1078543228002555,0.010524659882527529,0.014526055402484833,0.004001395519957547,0.010907427255602897,0.03912351093009647,0.05945597667282803,0.010503280646352139,0.010533858571045631,0.014497849811375575,0.014538191217111647,5.37677651157864e-05,1.8481751906711747e-05,0.014526055402484833,180246,200.27333333333334,5.37677651157864e-05
Fila M/G/1/∞/∞/∞/FCFS,mg1_buffer_infinito_fcfs,service_uniform,16,5488033,200.0,250.0,0.8,,,0.3,1,uniform,1000.0,100.0,900.0,179864,53894,125970,179864,53894,125970,179860,53892,125968,0,0,0,0,0.0,0.0,0.0,0.0,199.84444444444443,59.88,139.96444444444444,0.8001708009004312,2.8621243094842024,2.0619535085836858,0.010317571600819175,0.014321466932973747,0.004003895332154684,0.010850947619076123,0.0384005640022849,0.056032103242892234,0.010296389629994686,0.01032663373383433,0.014303485884567759,0.014329159637952055,5.8706634582517125e-05,2.0511560028326282e-05,0.014321466932973747,179860,199.84444444444443,5.8706634582517125e-05
Fila M/G/1/∞/∞/∞/FCFS,mg1_buffer_infinito_fcfs,service_uniform,17,5489033,200.0,250.0,0.8,,,0.3,1,uniform,1000.0,100.0,900.0,179437,53769,125668,179437,53769,125668,179432,53769,125663,0,0,0,0,0.0,0.0,0.0,0.0,199.36888888888888,59.74333333333333,139.62555555555556,0.7966029402855358,2.906997770556539,2.1103948302710713,0.010585240266652517,0.014580802281556633,0.003995562014904458,0.010843864675052828,0.03965269002404452,0.061772711564614155,0.010621064802340806,0.010569911574361032,0.014610299816986139,0.014568180802024561,3.942057401751242e-05,1.3560579377384741e-05,0.014580802281556633,179432,199.36888888888888,3.942057401751242e-05
Fila M/G/1/∞/∞/∞/FCFS,mg1_buffer_infinito_fcfs,service_uniform,18,5490033,200.0,250.0,0.8,,,0.3,1,uniform,1000.0,100.0,900.0,179945,54132,125813,179945,54132,125813,179942,54132,125810,0,0,0,0,0.0,0.0,0.0,0.0,199.93555555555557,60.14666666666667,139.7888888888889,0.8012531966877066,2.9386134670152897,2.1373602703277386,0.0106899214646334,0.014697314102839965,0.004007392638207058,0.01100867722533394,0.03980339825814667,0.059763221623421674,0.01066940661775487,0.010698748343984644,0.014669225974255488,0.014709399521936891,9.780668947945159e-05,3.3283278177715746e-05,0.014697314102839965,179942,199.93555555555557,9.780668947945159e-05
Fila M/G/1/∞/∞/∞/FCFS,mg1_buffer_infinito_fcfs,service_uniform,19,5491033,200.0,250.0,0.8,,,0.3,1,uniform,1000.0,100.0,900.0,179802,53915,125887,179802,53915,125887,179801,53914,125887,0,0,0,0,0.0,0.0,0.0,0.0,199.7788888888889,59.904444444444444,139.87444444444444,0.796494645588825,2.928272655139483,2.131778009550655,0.010670482525396267,0.014657258085565965,0.003986775560169746,0.010782516028939426,0.040268457081538145,0.06146199936119956,0.010708288464640397,0.010654291263324492,0.014700954628316144,0.014638544037206635,6.192064743126835e-05,2.1145793006190836e-05,0.014657258085565965,179801,199.7788888888889,6.192064743126835e-05
Fila M/G/1/∞/∞/∞/FCFS,mg1_buffer_infinito_fcfs,service_uniform,20,5492033,200.0,250.0,0.8,,,0.3,1,uniform,1000.0,100.0,900.0,179780,53858,125922,179780,53858,125922,179780,53858,125922,0,0,0,0,0.0,0.0,0.0,0.0,199.75555555555556,59.84222222222222,139.91333333333333,0.7985524884844266,2.915556511239059,2.1170040227546068,0.010597973192118982,0.014595579386973062,0.0039976061948542255,0.010879819187096018,0.03982259466205277,0.05931758084099072,0.010582827893402836,0.010604450975971368,0.014584649748460382,0.014600254094101841,8.442139039832597e-06,2.8955497886216034e-06,0.014595579386973062,179780,199.75555555555556,8.442139039832597e-06
Fila M/G/1/∞/∞/∞/FCFS,mg1_buffer_infinito_fcfs,service_uniform,21,5493033,200.0,250.0,0.8,,,0.3,1,uniform,1000.0,100.0,900.0,180590,54370,126220,180590,54370,126220,180583,54370,126213,0,0,0,0,0.0,0.0,0.0,0.0,200.64777777777778,60.41111111111111,140.23666666666668,0.8011181331976298,2.913085267200519,2.1119671340027617,0.010524797049424146,0.014517319006991344,0.003992521957567572,0.010900449862333517,0.039449970749603824,0.05801146512032228,0.010542370372516537,0.010517226818333957,0.014539275228217659,0.014507860712298646,0.00021746915661058352,7.465252015076505e-05,0.014517319006991344,180583,200.64777777777778,0.00021746915661058352
Fila M/G/1/∞/∞/∞/FCFS,mg1_buffer_infinito_fcfs,service_uniform,22,5494033,200.0,250.0,0.8,,,0.3,1,uniform,1000.0,100.0,900.0,179971,53831,126140,179971,53831,126140,179971,53831,126140,0,0,0,0,0.0,0.0,0.0,0.0,199.96777777777777,59.812222222222225,140.15555555555557,0.8004631801591394,2.902028117567306,2.1015649374081895,0.010509497260169809,0.014512395338258707,0.004002898078089202,0.01085706079868487,0.03925890817387767,0.059160819992388265,0.010471475391747993,0.01052572332009521,0.014476473344736071,0.014527725264002674,1.667154313089725e-05,5.74479035195309e-06,0.014512395338258707,179971,199.96777777777777,1.667154313089725e-05
Fila M/G/1/∞/∞/∞/FCFS,mg1_buffer_infinito_fcfs,service_uniform,23,5495033,200.0,250.0,0.8,,,0.3,1,uniform,1000.0,100.0,900.0,180623,54116,126507,180623,54116,126507,180617,54112,126505,0,0,0,0,0.0,0.0,0.0,0.0,200.68555555555557,60.12444444444444,140.5611111111111,0.8029398149144406,2.9697333118367375,2.1667934969222533,0.010796554406417679,0.014797456144823595,0.004000901738405851,0.01097522569227749,0.040640376521565706,0.060662046148054274,0.010749636229848078,0.010816623465905588,0.014751299964439019,0.014817199263537884,9.760460384500291e-05,3.2866454188317625e-05,0.014797456144823595,180617,200.68555555555557,9.760460384500291e-05
Fila M/G/1/∞/∞/∞/FCFS,mg1_buffer_infinito_fcfs,service_uniform,24,5496033,200.0,250.0,0.8,,,0.3,1,uniform,1000.0,100.0,900.0,180199,54386,125813,180199,54386,125813,180199,54386,125813,0,0,0,0,0.0,0.0,0.0,0.0,200.2211111111111,60.42888888888889,139.79222222222222,0.8017933669680735,2.9726502434995803,2.170856876531484,0.010842179141446376,0.014846626369096257,0.004004447227649841,0.011018677208198824,0.04059460885581531,0.05957413605889423,0.010791591348738009,0.010864047054096245,0.014791033900949959,0.014870657685197,4.221562760653441e-05,1.42013436322854e-05,0.014846626369096257,180199,200.2211111111111,4.221562760653441e-05
Fila M/G/1/∞/∞/∞/FCFS,mg1_buffer_infinito_fcfs,service_uniform,25,5497033,200.0,250.0,0.8,,,0.3,1,uniform,1000.0,100.0,900.0,179976,53995,125981,179976,53995,125981,179976,53995,125981,0,0,0,0,0.0,0.0,0.0,0.0,199.97333333333333,59.99444444444445,139.9788888888889,0.7999238769349551,2.916840815070722,2.116916938135727,0.010585996156832695,0.014586114058405115,0.0040001179015718815,0.010885292595872897,0.03987183452522913,0.05835596447842306,0.010521216256875758,0.010613760587169197,0.01451141661089566,0.014618129113677325,6.966431256749672e-06,2.3883481130528417e-06,0.014586114058405115,179976,199.97333333333333,6.966431256749672e-06
Fila M/G/1/∞/∞/∞/FCFS,mg1_buffer_infinito_fcfs,service_uniform,26,5498033,200.0,250.0,0.8,,,0.3,1,uniform,1000.0,100.0,900.0,179736,53434,126302,179736,53434,126302,179733,53434,126299,0,0,0,0,0.0,0.0,0.0,0.0,199.70333333333335,59.37111111111111,140.3322222222222,0.7999417987401611,3.0034453028182715,2.203503504078076,0.01103382537896133,0.015039470500390457,0.00400564512142903,0.011056294441971204,0.04158487626937129,0.06635046950469577,0.011019651458483291,0.011039822016043298,0.015020264414455283,0.01504759612288825,1.2912321962321727e-05,4.299170006593927e-06,0.015039470500390457,179733,199.70333333333335,1.2912321962321727e-05
Fila M/G/1/∞/∞/∞/FCFS,mg1_buffer_infinito_fcfs,service_uniform,27,5499033,200.0,250.0,0.8,,,0.3,1,uniform,1000.0,100.0,900.0,179709,53546,126163,179709,53546,126163,179706,53546,126160,0,0,0,0,0.0,0.0,0.0,0.0,199.67333333333335,59.495555555555555,140.17777777777778,0.8001825843223394,2.936359541078119,2.136176956755832,0.01069828715025713,0.01470570578650935,0.0040074186362520844,0.010932847734665074,0.04012301034255472,0.062352692361109616,0.010678602595987075,0.010706641851770445,0.014689794019750454,0.01471245920647482,2.2247666508601327e-05,7.576615260280024e-06,0.01470570578650935,179706,199.67333333333335,2.2247666508601327e-05
Fila M/G/1/∞/∞/∞/FCFS,mg1_buffer_infinito_fcfs,service_uniform,28,5500033,200.0,250.0,0.8,,,0.3,1,uniform,1000.0,100.0,900.0,180021,53905,126116,180021,53905,126116,180021,53905,126116,0,0,0,0,0.0,0.0,0.0,0.0,200.02333333333334,59.894444444444446,140.1288888888889,0.7981748827806874,2.9208873540871445,2.1227124713064436,0.010612310865359829,0.014602663331314271,0.003990352465954434,0.010847852203994535,0.04020855581751448,0.060369953755946365,0.010674293283555859,0.010585818094792476,0.014661605447536846,0.014577470058652685,1.3959013226205741e-05,4.779031689350549e-06,0.014602663331314271,180021,200.02333333333334,1.3959013226205741e-05
Fila M/G/1/∞/∞/∞/FCFS,mg1_buffer_infinito_fcfs,service_uniform,29,5501033,200.0,250.0,0.8,,,0.3,1,uniform,1000.0,100.0,900.0,180622,54248,126374,180622,54248,126374,180615,54245,126370,0,0,0,0,0.0,0.0,0.0,0.0,200.68333333333334,60.272222222222226,140.4111111111111,0.8009087229337125,2.914275476141397,2.1133667532076204,0.010529701448845056,0.014520445043190843,0.003990743594345896,0.010924747530225432,0.039341646186775846,0.0582747713597632,0.010502965315994808,0.01054117807720991,0.014487704505688814,0.014534499094443782,0.0002641633903812668,9.064461906361317e-05,0.014520445043190843,180615,200.68333333333334,0.0002641633903812668
